id;qtyordered;gst_tax_percentage;price_per_unit;total_price;last_modified;last_modified_by;free_field_1;free_field_2;free_field_3;free_field_4
1;5871;81008;7807;76814;2022-03-02T23:39:47;program withdrawal Cove;port;Soft Coordinator Pizza;Borders logistical;Assistant
2;15591;42977;8067;88243;2022-03-03T00:08:25;conglomeration;Wyoming Industrial;monetize bypassing Rhode;Lodge SAS turn-key;Internal
3;95838;21132;99012;63826;2022-03-03T00:00:27;Soft Sports American;Emirates Health;compressing Polarised invoice;neural;multi-state Hawaii
4;2838;13861;24418;49801;2022-03-03T02:17:58;Dalasi open Fantastic;olive state;Practical;indigo;Chips Marketing Fantastic
5;94876;34077;76129;64995;2022-03-02T15:59:23;system;strategic aggregate Frozen;Wisconsin;Officer Technician next-generation;Account Auto
6;64350;69003;58001;85900;2022-03-03T03:44:04;auxiliary calculating;holistic bandwidth;Rustic;Silver;Crossroad Re-contextualized Lesotho
7;36722;10627;62541;80519;2022-03-03T08:31:55;Buckinghamshire Fantastic Arizona;Jewelery yellow Metal;24/7;Specialist Toys Lead;Exclusive
8;55945;99562;78646;63898;2022-03-02T14:11:12;Intelligent;leverage;Rubber;brand;TCP
9;61433;4614;44058;52180;2022-03-03T02:53:33;quantify distributed Account;Cambridgeshire;internet Communications;Bedfordshire multi-byte Pants;Interface connect payment
10;52759;37058;19004;55605;2022-03-03T08:42:08;Indiana Account protocol;regional HTTP;Quality Tasty Right-sized;Bedfordshire Tuna New;Fish
