id;price_per_unit;quantity_unit;quantity;delivery_date;quantity_check;ordered_on;order_status;last_modified;last_modified_by;free_field_1;free_field_2;free_field_3;free_field_4
1;46424;Borders withdrawal;7851;2022-03-02T09:20:17;Games Savings Investor;2022-03-03T01:55:17;Sleek encompassing Cheese;2022-03-03T00:02:41;Mountain Bhutan;Haven;maroon;invoice Games copying;frictionless
2;16310;Ireland initiatives;50655;2022-03-02T16:29:16;Architect;2022-03-03T00:29:07;Generic;2022-03-02T15:37:23;calculating Chips;cross-platform Concrete Salad;indexing;Movies composite;distributed deposit Fork
3;35277;technologies Connecticut;84911;2022-03-02T21:36:43;purple Future-proofed;2022-03-02T08:52:57;Ball overriding eco-centric;2022-03-03T00:07:50;payment optimizing;Factors;Coordinator;deposit Carolina;encryption matrix blue
4;69844;index Plaza;18962;2022-03-02T13:04:17;Lev;2022-03-02T20:36:50;Liberia;2022-03-03T01:25:15;Grocery;Polarised 1080p Kansas;Kids local Concrete;Guinea;Account Practical Minnesota
5;12691;Sleek transitional port;97510;2022-03-02T13:04:08;Cloned optical;2022-03-02T16:39:25;New;2022-03-03T04:24:55;Denmark;Ukraine;Borders;transition Implemented SMTP;Bacon Kroon Technician
6;69332;Dinar bandwidth;45432;2022-03-02T11:30:22;Fords synthesize;2022-03-02T20:31:20;monetize Sausages;2022-03-02T07:51:18;Corporate Awesome Avon;navigate;protocol Multi-lateral application;models;Crescent navigating pixel
7;49815;New transmitter;64348;2022-03-02T10:51:35;Customizable Quality;2022-03-03T06:39:16;Card Rubber;2022-03-02T23:26:50;pixel payment Associate;bluetooth Director;Glens;program Metal deliverables;Director Tennessee
8;33683;Cameroon array;70281;2022-03-02T15:07:42;morph;2022-03-03T02:55:12;Arkansas Loan Dynamic;2022-03-02T12:36:24;yellow Manat administration;Pennsylvania Tasty;Investor Fresh;lavender Product;scale grid-enabled Principal
9;45864;Arkansas sensor reboot;22549;2022-03-03T05:43:21;architect Cross-platform back-end;2022-03-02T15:50:01;synergies Cambridgeshire synergy;2022-03-03T01:11:25;hacking Borders Wyoming;Interactions ubiquitous Pizza;Cambridgeshire SMTP;deposit up morph;Brand
10;21837;TCP;8086;2022-03-03T01:59:35;Bedfordshire withdrawal;2022-03-02T11:47:18;Dollar;2022-03-03T07:28:30;Chicken Georgia e-services;plum product monitor;Dinar Executive;Chicken;deposit
