id;first_name;last_name;designation;business_title;g_st_details;login;password_hash;email;image_url;activated;lang_key;activation_key;reset_key;reset_date;mobile_no;one_time_password;otp_expiry_time;last_modified;last_modified_by
1;Dejon;Crona;Electronics array Ethiopia;Towels Ethiopian;Architect Marketing;Credit Spur orchid;tolerance Tasty;Kailee_Kub77@hotmail.com;Brand bypass;true;Specialist;cutting-edge revolutionary;Solutions Computers;2022-03-02T19:32:37;Grocery;Factors;2022-03-03T05:08:52;2022-03-03T04:27:20;Handcrafted Licensed
2;Ila;Labadie;superstructure leading-edge Configuration;Investment Tasty Isle;Unbranded;Hong feed ivory;Liaison Liaison engage;Bethany_Stracke66@yahoo.com;Harbor Delaware;false;composite;facilitate Accounts Industrial;feed installation web-readiness;2022-03-03T05:16:08;port microchip demand-driven;multi-state;2022-03-03T03:28:57;2022-03-03T04:12:10;Compatible array
3;Horacio;Ullrich;transmitting exploit;area;withdrawal Strategist Table;eyeballs Investment;silver Sausages Lead;Roman.Cremin50@hotmail.com;magenta intuitive Hill;true;compress card;TCP Cambridgeshire card;Liaison Zimbabwe;2022-03-02T12:23:02;engineer;Village yellow XML;2022-03-03T06:23:22;2022-03-03T01:37:33;rich syndicate
4;Icie;Abshire;Tuna hack Light;Plastic architectures;Cotton;Account Bedfordshire Account;Dynamic;Breanne.Emard@gmail.com;Minnesota Avon networks;true;back-end Buckinghamshire;Taiwan;Oman;2022-03-03T07:40:17;Practical Division;Practical National Markets;2022-03-03T02:41:52;2022-03-02T20:00:02;Chief
5;Earl;West;SMS;Roads;composite Program;Senegal;programming Tasty Surinam;Lavern.King@yahoo.com;Seychelles;false;Plastic;protocol;open-source;2022-03-02T15:57:59;Account interactive;quantifying European;2022-03-02T10:19:38;2022-03-02T15:16:59;Hills service-desk
6;Myrtie;Runte;Administrator deliverables Configuration;Wooden Dollar;Factors Rubber Borders;Toys cyan Harbors;Estonia workforce Organic;Jeramie.McDermott@yahoo.com;Account high-level;true;Team-oriented convergence;Borders Fish;blockchains payment;2022-03-03T04:52:53;International generation;PCI system Wooden;2022-03-03T04:09:18;2022-03-02T19:47:55;alarm Concrete Dynamic
7;Delaney;Haag;parse withdrawal override;state Investment Soap;secondary;Park Computers;scalable;Dante62@yahoo.com;Cayman scale;true;Buckinghamshire;Avon generate;Concrete;2022-03-02T19:52:56;Auto up Ruble;methodologies;2022-03-03T08:30:23;2022-03-02T13:32:17;transmitting programming Fish
8;Nadia;Koelpin;Adaptive;Dollar invoice Stravenue;red virtual paradigms;fuchsia ADP;action-items dynamic Auto;Dalton.Herman@hotmail.com;Trinidad protocol Wooden;false;strategic Investment vortals;Division Home;RSS USB Account;2022-03-02T23:27:32;infrastructures Bedfordshire reserved;Fundamental bi-directional;2022-03-02T12:30:46;2022-03-02T17:32:18;reboot magenta fuchsia
9;Della;Jakubowski;value-added;parse scalable;networks;copying;architectures gold Mount;Ashton73@gmail.com;Guarani Gloves deposit;true;Libyan Account;digital Associate;Automotive Branding;2022-03-02T10:57:10;system Strategist;Dollar Forest;2022-03-02T17:46:07;2022-03-03T05:21:33;interfaces invoice
10;Skyla;Carter;Internal Usability array;connecting Automotive Granite;Agent emulation;CSS web-readiness;District COM;Althea78@hotmail.com;Oregon;false;lavender HTTP;Cambridgeshire optimizing;Customer;2022-03-02T16:35:37;Universal Industrial;deposit District;2022-03-02T13:54:12;2022-03-03T01:13:26;black
