id;level;access_id;last_modified;last_modified_by
1;USER;74074;2022-03-02T20:37:24;override Multi-tiered
2;ADMIN;45443;2022-03-02T19:40:59;Steel reciprocal
3;ADMIN;19111;2022-03-02T18:22:04;Granite Bermudian
4;ADMIN;31290;2022-03-02T15:17:38;synthesizing override state
5;USER;91170;2022-03-02T08:12:30;moratorium
6;USER;22386;2022-03-02T13:43:35;Trail enable Bike
7;USER;11434;2022-03-02T19:55:11;Regional
8;ADMIN;30013;2022-03-02T09:58:52;Toys Greece
9;USER;39146;2022-03-02T19:00:59;Metal incremental Towels
10;ADMIN;57245;2022-03-02T16:52:40;compress
